Modelo,Accuracy,Precision,Recall,F1-Score,AUC-ROC,Specificity
cnn,0.7641221284866333,0.7222222222222222,0.04100946372239748,0.07761194029850747,0.7245481779395834,0.9949647532729103
random_forest,0.7862595419847328,0.648,0.2555205047318612,0.36651583710407243,0.7775628135116159,0.9556898288016112
svm,0.7687022900763358,0.5193370165745856,0.5930599369085173,0.5537555228276878,0.8047658530851608,0.824773413897281
logistic_regression,0.7267175572519083,0.44192634560906513,0.4921135646687697,0.46567164179104475,0.7078286173561937,0.8016112789526687
